/*
Post-Deployment Script Template                            
--------------------------------------------------------------------------------------
 This file contains SQL statements that will be appended to the build script.        
 Use SQLCMD syntax to include a file in the post-deployment script.            
 Example:      :r .\myfile.sql
 Use SQLCMD syntax to reference a variable in the post-deployment script.        
 Example:      :setvar TableName MyTable                            
               SELECT * FROM [$(TableName)]                    
--------------------------------------------------------------------------------------
*/

DECLARE @true     BIT = 1,
        @false    BIT = 0

DECLARE @infantry INT = 1,
        @cavalry  INT = 2,
        @flier    INT = 3,
        @armor    INT = 4

DECLARE @sword    INT = 1,
        @lance    INT = 2,
        @axe      INT = 3,
        @breath   INT = 4,
        @tome     INT = 5,
        @bow      INT = 6,
        @dagger   INT = 7,
        @staff    INT = 8

INSERT INTO [Heroes].[Origin] (id, title)
VALUES
    (1, 'Fire Emblem: Shadow Dragon and the Blade of Light'),
    (2, 'Fire Emblem: Mystery of the Emblem'),
    (3, 'Fire Emblem: Genealogy of the Holy War'),
    (4, 'Fire Emblem: Thracia 776'),
    (5, 'Fire Emblem: The Binding Blade'),
    (6, 'Fire Emblem: The Blazing Blade'),
    (7, 'Fire Emblem: The Sacred Stones'),
    (8, 'Fire Emblem: Path of Radiance'),
    (9, 'Fire Emblem: Radiant Dawn'),
    (10, 'Fire Emblem: New Mystery of the Emblem'),
    (11, 'Fire Emblem Awakening'),
    (12, 'Fire Emblem Fates'),
    (13, 'Fire Emblem Heroes'),
    (14, 'Fire Emblem Echoes: Shadows of Valentia')

INSERT INTO [Heroes].[MoveType] (id, name, range)
VALUES
    (@infantry, 'Infantry', 2),
    (@cavalry,  'Cavalry',  3),
    (@flier,    'Flier',    2),
    (@armor,    'Armor',    1)

INSERT INTO [Heroes].[WeaponType] (id, name, range)
VALUES
    (@sword,  'Sword',  1),
    (@lance,  'Lance',  1),
    (@axe,    'Axe',    1),
    (@breath, 'Breath', 1),
    (@tome,   'Tome',   2),
    (@bow,    'Bow',    2),
    (@dagger, 'Dagger', 2),
    (@staff,  'Staff',  2)

INSERT INTO [Heroes].[Hero] (id, name, epithet, color, weapon_type, move_type, is_story, is_special, min_rarity, origin, release_date)
VALUES
    (  1, 'Abel',         'The Panther',         'B', @lance,  @cavalry,  @false, @false, 3, 2,  '2017-02-02'),
    (  2, 'Alfonse',      'Prince of Askr',      'R', @sword,  @infantry, @true,  @false, 2, 13, '2017-02-02'),
    (  3, 'Anna',         'Commander',           'G', @axe,    @infantry, @true,  @false, 2, 13, '2017-02-02'),
    (  4, 'Arthur',       'Hapless Hero',        'G', @axe,    @infantry, @false, @false, 3, 12, '2017-02-02'),
    (  5, 'Azama',        'Carefree Monk',       'C', @staff,  @infantry, @false, @false, 3, 12, '2017-02-02'),
    (  6, 'Azura',        'Lady of the Lake',    'B', @lance,  @infantry, @false, @false, 5, 12, '2017-02-02'),
    (  7, 'Barst',        'The Hatchet',         'G', @axe,    @infantry, @false, @false, 3, 2,  '2017-02-02'),
    (  8, 'Bartre',       'Fearless Warrior',    'G', @axe,    @infantry, @false, @false, 3, 5,  '2017-02-02'),
    (  9, 'Beruka',       'Quiet Assassin',      'G', @axe,    @flier,    @false, @false, 3, 12, '2017-02-02'),
    ( 10, 'Caeda',        'Talys''s Heart',      'R', @sword,  @flier,    @false, @false, 3, 2,  '2017-02-02'),
    ( 11, 'Cain',         'The Bull',            'R', @sword,  @cavalry,  @false, @false, 3, 2,  '2017-02-02'),
    ( 12, 'Camilla',      'Bewitching Beauty',   'G', @axe,    @flier,    @false, @false, 3, 12, '2017-02-02'),
    ( 13, 'Catria',       'Middle Whitewing',    'B', @lance,  @flier,    @false, @false, 3, 2,  '2017-02-02'),
    ( 14, 'Cecilia',      'Etrurian General',    'G', @tome,   @cavalry,  @false, @false, 3, 5,  '2017-02-02'),
    ( 15, 'Cherche',      'Wyvern Friend',       'G', @axe,    @flier,    @false, @false, 3, 12, '2017-02-02'),
    ( 16, 'Chrom',        'Exalted Prince',      'R', @sword,  @infantry, @false, @false, 3, 11, '2017-02-02'),
    ( 17, 'Clarine',      'Refined Noble',       'C', @staff,  @cavalry,  @false, @false, 3, 5,  '2017-02-02'),
    ( 18, 'Cordelia',     'Knight Paragon',      'B', @lance,  @flier,    @false, @false, 3, 11, '2017-02-02'),
    ( 19, 'Corrin',       'Fateful Prince',      'R', @sword,  @infantry, @false, @false, 3, 12, '2017-02-02'),
    ( 20, 'Corrin',       'Fateful Princess',    'B', @breath, @infantry, @false, @false, 3, 12, '2017-02-02'),
    ( 21, 'Donnel',       'Village Hero',        'B', @lance,  @infantry, @false, @false, 3, 11, '2017-02-02'),
    ( 22, 'Draug',        'Gentle Giant',        'R', @sword,  @armor,    @false, @false, 3, 2,  '2017-02-02'),
    ( 23, 'Effie',        'Army of One',         'B', @lance,  @armor,    @false, @false, 3, 12, '2017-02-02'),
    ( 24, 'Elise',        'Budding Flower',      'C', @staff,  @cavalry,  @false, @false, 5, 12, '2017-02-02'),
    ( 25, 'Eliwood',      'Knight of Lycia',     'R', @sword,  @cavalry,  @false, @false, 3, 6,  '2017-02-02'),
    ( 26, 'Est',          'Junior Whitewing',    'B', @lance,  @flier,    @false, @false, 3, 2,  '2017-02-02'),
    ( 27, 'Fae',          'Divine Dragon',       'G', @breath, @infantry, @false, @false, 3, 5,  '2017-02-02'),
    ( 28, 'Felicia',      'Maid Mayhem',         'C', @dagger, @infantry, @false, @false, 3, 12, '2017-02-02'),
    ( 29, 'Fir',          'Sword Student',       'R', @sword,  @infantry, @false, @false, 3, 5,  '2017-02-02'),
    ( 30, 'Florina',      'Lovely Flier',        'B', @lance,  @flier,    @false, @false, 3, 6,  '2017-02-02'),
    ( 31, 'Frederick',    'Polite Knight',       'G', @axe,    @cavalry,  @false, @false, 3, 11, '2017-02-02'),
    ( 32, 'Gaius',        'Candy Stealer',       'C', @dagger, @infantry, @false, @false, 3, 11, '2017-02-02'),
    ( 33, 'Gordin',       'Altean Archer',       'C', @bow,    @infantry, @false, @false, 3, 2,  '2017-02-02'),
    ( 34, 'Gunter',       'Inveterate Soldier',  'G', @axe,    @cavalry,  @false, @false, 3, 12, '2017-02-02'),
    ( 35, 'Gwendolyn',    'Adorable Knight',     'B', @lance,  @armor,    @false, @false, 3, 5,  '2017-02-02'),
    ( 36, 'Hana',         'Focused Samurai',     'R', @sword,  @infantry, @false, @false, 3, 12, '2017-02-02'),
    ( 37, 'Hawkeye',      'Desert Guardian',     'G', @axe,    @infantry, @false, @false, 3, 6,  '2017-02-02'),
    ( 38, 'Hector',       'General of Ostia',    'G', @axe,    @armor,    @false, @false, 5, 6,  '2017-02-02'),
    ( 39, 'Henry',        'Twisted Mind',        'R', @tome,   @infantry, @false, @false, 3, 11, '2017-02-02'),
    ( 40, 'Hinata',       'Wild Samurai',        'R', @sword,  @infantry, @false, @false, 3, 12, '2017-02-02'),
    ( 41, 'Hinoka',       'Warrior Princess',    'B', @lance,  @flier,    @false, @false, 5, 12, '2017-02-02'),
    ( 42, 'Jagen',        'Veteran Knight',      'B', @lance,  @cavalry,  @false, @false, 3, 2,  '2017-02-02'),
    ( 43, 'Jakob',        'Devoted Servant',     'C', @dagger, @infantry, @false, @false, 3, 12, '2017-02-02'),
    ( 44, 'Jeorge',       'Perfect Shot',        'C', @bow,    @infantry, @false, @false, 3, 2,  '2017-02-02'),
    ( 45, 'Kagero',       'Honorable Ninja',     'C', @dagger, @infantry, @false, @false, 3, 12, '2017-02-02'),
    ( 46, 'Laslow',       'Dancing Duelist',     'R', @sword,  @infantry, @false, @false, 3, 12, '2017-02-02'),
    ( 47, 'Leo',          'Sorcerous Prince',    'R', @tome,   @cavalry,  @false, @false, 5, 12, '2017-02-02'),
    ( 48, 'Lilina',       'Delightful Noble',    'R', @tome,   @infantry, @false, @false, 3, 5,  '2017-02-02'),
    ( 49, 'Linde',        'Light Mage',          'B', @tome,   @infantry, @false, @false, 5, 2,  '2017-02-02'),
    ( 50, 'Lissa',        'Sprightly Cleric',    'C', @staff,  @infantry, @false, @false, 3, 11, '2017-02-02'),
    ( 51, 'Lon''qu',      'Solitary Blade',      'R', @sword,  @infantry, @false, @false, 3, 11, '2017-02-02'),
    ( 52, 'Lucina',       'Future Witness',      'R', @sword,  @infantry, @false, @false, 5, 11, '2017-02-02'),
    ( 53, 'Lyn',          'Lady of the Plains',  'R', @sword,  @infantry, @false, @false, 5, 6,  '2017-02-02'),
    ( 54, 'Maria',        'Minerva''s Sister',   'C', @staff,  @infantry, @false, @false, 3, 2,  '2017-02-02'),
    ( 55, 'Marth',        'Altean Prince',       'R', @sword,  @infantry, @false, @false, 3, 2,  '2017-02-02'),
    ( 56, 'Matthew',      'Faithful Spy',        'C', @dagger, @infantry, @false, @false, 3, 6,  '2017-02-02'),
    ( 57, 'Merric',       'Wind Mage',           'G', @tome,   @infantry, @false, @false, 3, 2,  '2017-02-02'),
    ( 58, 'Minerva',      'Red Dragoon',         'G', @axe,    @flier,    @false, @false, 5, 2,  '2017-02-02'),
    ( 59, 'Niles',        'Cruel to Be Kind',    'C', @bow,    @infantry, @false, @false, 3, 12, '2017-02-02'),
    ( 60, 'Nino',         'Pious Mage',          'G', @tome,   @infantry, @false, @false, 3, 6,  '2017-02-02'),
    ( 61, 'Nowi',         'Eternal Youth',       'B', @breath, @infantry, @false, @false, 3, 11, '2017-02-02'),
    ( 62, 'Oboro',        'Fierce Fighter',      'B', @lance,  @infantry, @false, @false, 3, 12, '2017-02-02'),
    ( 63, 'Odin',         'Potent Force',        'B', @tome,   @infantry, @false, @false, 3, 12, '2017-02-02'),
    ( 64, 'Ogma',         'Loyal Blade',         'R', @sword,  @infantry, @false, @false, 3, 2,  '2017-02-02'),
    ( 65, 'Olivia',       'Blushing Beauty',     'R', @sword,  @infantry, @false, @false, 3, 11, '2017-02-02'),
    ( 66, 'Palla',        'Eldest Whitewing',    'R', @sword,  @flier,    @false, @false, 3, 2,  '2017-02-02'),
    ( 67, 'Peri',         'Playful Slayer',      'B', @lance,  @cavalry,  @false, @false, 3, 12, '2017-02-02'),
    ( 68, 'Raigh',        'Dark Child',          'R', @tome,   @infantry, @false, @false, 3, 5,  '2017-02-02'),
    ( 69, 'Raven',        'Peerless Fighter',    'G', @axe,    @infantry, @false, @false, 3, 6,  '2017-02-02'),
    ( 70, 'Robin',        'High Deliverer',      'B', @tome,   @infantry, @false, @false, 3, 11, '2017-02-02'),
    ( 71, 'Roy',          'Young Lion',          'R', @sword,  @infantry, @false, @false, 3, 5,  '2017-02-02'),
    ( 72, 'Ryoma',        'Peerless Samurai',    'R', @sword,  @infantry, @false, @false, 5, 12, '2017-02-02'),
    ( 73, 'Saizo',        'Angry Ninja',         'C', @dagger, @infantry, @false, @false, 3, 12, '2017-02-02'),
    ( 74, 'Sakura',       'Loving Priestess',    'C', @staff,  @infantry, @false, @false, 3, 12, '2017-02-02'),
    ( 75, 'Selena',       'Cutting Wit',         'R', @sword,  @infantry, @false, @false, 3, 12, '2017-02-02'),
    ( 76, 'Serra',        'Outspoken Cleric',    'C', @staff,  @infantry, @false, @false, 3, 6,  '2017-02-02'),
    ( 77, 'Setsuna',      'Absent Archer',       'C', @bow,    @infantry, @false, @false, 3, 12, '2017-02-02'),
    ( 78, 'Shanna',       'Sprightly Flier',     'B', @lance,  @flier,    @false, @false, 3, 5,  '2017-02-02'),
    ( 79, 'Sharena',      'Princess of Askr',    'B', @lance,  @infantry, @true,  @false, 2, 13, '2017-02-02'),
    ( 80, 'Sheena',       'Princess of Gra',     'G', @axe,    @armor,    @false, @false, 3, 2,  '2017-02-02'),
    ( 81, 'Sophia',       'Nabata Prophet',      'R', @tome,   @infantry, @false, @false, 3, 5,  '2017-02-02'),
    ( 82, 'Stahl',        'Viridian Knight',     'R', @sword,  @cavalry,  @false, @false, 3, 11, '2017-02-02'),
    ( 83, 'Subaki',       'Perfect Expert',      'B', @lance,  @flier,    @false, @false, 3, 12, '2017-02-02'),
    ( 84, 'Sully',        'Crimson Knight',      'B', @lance,  @cavalry,  @false, @false, 3, 11, '2017-02-02'),
    ( 85, 'Takumi',       'Wild Card',           'C', @bow,    @infantry, @false, @false, 5, 12, '2017-02-02'),
    ( 86, 'Tharja',       'Dark Shadow',         'R', @tome,   @infantry, @false, @false, 3, 11, '2017-02-02'),
    ( 87, 'Tiki',         'Dragon Scion',        'R', @breath, @infantry, @false, @false, 5, 2,  '2017-02-02'),
    ( 88, 'Tiki',         'Naga''s Voice',       'R', @breath, @infantry, @false, @false, 3, 11, '2017-02-02'),
    ( 89, 'Virion',       'Elite Archer',        'C', @bow,    @infantry, @false, @false, 3, 11, '2017-02-02'),
    ( 90, 'Wrys',         'Kindly Priest',       'C', @staff,  @infantry, @false, @false, 3, 1,  '2017-02-02'),
    ( 91, 'Narcian',      'Wyvern General',      'G', @axe,    @flier,    @false, @false, 2, 5,  '2017-02-10'),
    ( 92, 'Eirika',       'Restoration Lady',    'R', @sword,  @infantry, @false, @false, 3, 7,  '2017-02-15'),
    ( 93, 'Ephraim',      'Restoration Lord',    'B', @lance,  @infantry, @false, @false, 5, 7,  '2017-02-15'),
    ( 94, 'Julia',        'Naga''s Blood',       'G', @tome,   @infantry, @false, @false, 5, 3,  '2017-02-15'),
    ( 95, 'Seliph',       'Heir of Light',       'R', @sword,  @infantry, @false, @false, 3, 3,  '2017-02-15'),
    ( 96, 'Robin',        'Mystery Tactician',   'G', @tome,   @infantry, @false, @false, 2, 11, '2017-02-23'),
    ( 97, 'Eldigan',      'Lionheart',           'R', @sword,  @cavalry,  @false, @false, 5, 3,  '2017-02-27'),
    ( 98, 'Klein',        'Silver Nobleman',     'C', @bow,    @infantry, @false, @false, 3, 5,  '2017-02-27'),
    ( 99, 'Lachesis',     'Lionheart''s Sister', 'C', @staff,  @infantry, @false, @false, 3, 3,  '2017-02-27'),
    (100, 'Olwen',        'Blue Mage Knight',    'B', @tome,   @cavalry,  @false, @false, 5, 4,  '2017-02-27'),
    (101, 'Reinhardt',    'Thunder''s Fist',     'B', @tome,   @cavalry,  @false, @false, 3, 4,  '2017-02-27'),
    (102, 'Sanaki',       'Begnion''s Apostle',  'R', @tome,   @infantry, @false, @false, 5, 9,  '2017-02-27'),
    (103, 'Ursula',       'Blue Crow',           'B', @tome,   @cavalry,  @false, @false, 3, 6,  '2017-03-10'),
    (104, 'Jaffar',       'Angel of Death',      'C', @dagger, @infantry, @false, @false, 5, 6,  '2017-03-14'),
    (105, 'Karel',        'Sword Demon',         'R', @sword,  @infantry, @false, @false, 5, 6,  '2017-03-14'),
    (106, 'Lucius',       'The Light',           'C', @staff,  @infantry, @false, @false, 3, 6,  '2017-03-14'),
    (107, 'Ninian',       'Oracle of Destiny',   'B', @breath, @infantry, @false, @false, 5, 6,  '2017-03-14'),
    (108, 'Priscilla',    'Delicate Princess',   'C', @staff,  @cavalry,  @false, @false, 3, 6,  '2017-03-14'),
    (109, 'Rebecca',      'Wildflower',          'C', @bow,    @infantry, @false, @false, 3, 6,  '2017-03-14'),
    (110, 'Michalis',     'Ambitious King',      'G', @axe,    @flier,    @false, @false, 3, 2,  '2017-03-20'),
    (111, 'Camilla',      'Spring Princess',     'G', @tome,   @flier,    @false, @true,  5, 12, '2017-03-30'),
    (112, 'Chrom',        'Spring Exalt',        'G', @axe,    @infantry, @false, @true,  5, 11, '2017-03-30'),
    (113, 'Lucina',       'Spring Exalt',        'B', @tome,   @infantry, @false, @true,  5, 11, '2017-03-30'),
    (114, 'Xander',       'Spring Prince',       'B', @lance,  @cavalry,  @false, @true,  5, 12, '2017-03-30'),
    (115, 'Navarre',      'Scarlet Sword',       'R', @sword,  @infantry, @false, @false, 3, 2,  '2017-04-04'),
    (116, 'Alm',          'Hero of Prophecy',    'R', @sword,  @infantry, @false, @false, 5, 14, '2017-04-14'),
    (117, 'Clair',        'Highborn Flier',      'B', @lance,  @flier,    @false, @false, 3, 14, '2017-04-14'),
    (118, 'Faye',         'Devoted Heart',       'C', @bow,    @infantry, @false, @false, 5, 14, '2017-04-14'),
    (119, 'Lukas',        'Sharp Soldier',       'B', @lance,  @infantry, @false, @false, 3, 14, '2017-04-14'),
    (120, 'Zephiel',      'The Liberator',       'R', @sword,  @armor,    @false, @false, 3, 5,  '2017-04-20'),
    (121, 'Ike',          'Young Mercenary',     'R', @sword,  @infantry, @false, @false, 5, 8,  '2017-04-26'),
    (122, 'Mist',         'Helpful Sister',      'C', @staff,  @infantry, @false, @false, 5, 8,  '2017-04-26'),
    (123, 'Soren',        'Shrewd Strategist',   'G', @tome,   @infantry, @false, @false, 3, 8,  '2017-04-26'),
    (124, 'Titania',      'Mighty Mercenary',    'G', @axe,    @cavalry,  @false, @false, 3, 8,  '2017-04-26'),
    (125, 'Xander',       'Paragon Knight',      'R', @sword,  @cavalry,  @false, @false, 3, 12, '2017-05-02'),
    (126, 'Boey',         'Skillful Survivor',   'G', @tome,   @infantry, @false, @false, 3, 14, '2017-05-15'),
    (127, 'Celica',       'Caring Princess',     'R', @tome,   @infantry, @false, @false, 5, 14, '2017-05-15'),
    (128, 'Genny',        'Endearing Ally',      'C', @staff,  @infantry, @false, @false, 5, 14, '2017-05-15'),
    (129, 'Mae',          'Bundle of Energy',    'B', @tome,   @infantry, @false, @false, 3, 14, '2017-05-15'),
    (130, 'Lloyd',        'White Wolf',          'R', @sword,  @infantry, @false, @false, 3, 6,  '2017-05-19'),
    (131, 'Caeda',        'Talys''s Bride',      'B', @tome,   @infantry, @false, @true,  5, 2,  '2017-05-30'),
    (132, 'Charlotte',    'Money Maiden',        'B', @lance,  @infantry, @false, @true,  5, 12, '2017-05-30'),
    (133, 'Cordelia',     'Perfect Bride',       'C', @bow,    @infantry, @false, @true,  5, 11, '2017-05-30'),
    (134, 'Lyn',          'Bride of the Plains', 'C', @staff,  @infantry, @false, @true,  5, 6,  '2017-05-30'),
    (135, 'Camus',        'Sable Knight',        'B', @lance,  @cavalry,  @false, @false, 3, 2,  '2017-06-02'),
    (136, 'Marth',        'Enigmatic Blade',     'R', @sword,  @infantry, @false, @false, 4, 11, '2017-06-08'),
    (137, 'Athena',       'Borderland Sword',    'R', @sword,  @infantry, @false, @false, 3, 10, '2017-06-14'),
    (138, 'Katarina',     'Wayward One',         'R', @tome,   @infantry, @false, @false, 5, 10, '2017-06-14'),
    (139, 'Luke',         'Rowdy Squire',        'R', @sword,  @cavalry,  @false, @false, 5, 10, '2017-06-14'),
    (140, 'Roderick',     'Steady Squire',       'B', @lance,  @cavalry,  @false, @false, 3, 10, '2017-06-14'),
    (141, 'Legion',       'Masked Maniac',       'G', @axe,    @infantry, @false, @false, 3, 10, '2017-06-16'),
    (142, 'Clarisse',     'Sniper in the Dark',  'C', @bow,    @infantry, @false, @false, 3, 10, '2017-06-28'),
    (143, 'Frederick',    'Horizon Watcher',     'C', @dagger, @infantry, @false, @true,  5, 11, '2017-06-30'),
    (144, 'Gaius',        'Thief Exposed',       'C', @bow,    @infantry, @false, @true,  5, 11, '2017-06-30'),
    (145, 'Robin',        'Seaside Tactician',   'B', @lance,  @infantry, @false, @true,  5, 11, '2017-06-30'),
    (146, 'Tiki',         'Summering Scion',     'G', @axe,    @infantry, @false, @true,  5, 11, '2017-06-30'),
    (147, 'Tobin',        'The Clueless One',    'R', @sword,  @infantry, @false, @false, 4, 14, '2017-07-07'),
    (148, 'Delthea',      'Free Spirit',         'B', @tome,   @infantry, @false, @false, 5, 14, '2017-07-13'),
    (149, 'Gray',         'Wry Comrade',         'R', @sword,  @infantry, @false, @false, 5, 14, '2017-07-13'),
    (150, 'Leon',         'True of Heart',       'C', @bow,    @infantry, @false, @false, 3, 14, '2017-07-13'),
    (151, 'Mathilda',     'Legendary Knight',    'B', @lance,  @cavalry,  @false, @false, 3, 14, '2017-07-13'),
    (152, 'Saber',        'Driven Mercenary',    'R', @sword,  @infantry, @false, @false, 5, 14, '2017-07-13'),
    (153, 'Sonya',        'Vengeful Mage',       'G', @tome,   @infantry, @false, @false, 5, 14, '2017-07-13'),
    (154, 'Berkut',       'Prideful Prince',     'B', @lance,  @cavalry,  @false, @false, 3, 14, '2017-07-18'),
    (155, 'Corrin',       'Novice Vacationer',   'B', @tome,   @flier,    @false, @true,  5, 12, '2017-07-28'),
    (156, 'Elise',        'Tropical Flower',     'G', @tome,   @infantry, @false, @true,  5, 12, '2017-07-28'),
    (157, 'Leo',          'Seashore''s Prince',  'R', @tome,   @infantry, @false, @true,  5, 12, '2017-07-28'),
    (158, 'Xander',       'Student Swimmer',     'G', @axe,    @infantry, @false, @true,  5, 12, '2017-07-28'),
    (159, 'Clive',        'Idealistic Knight',   'B', @lance,  @cavalry,  @false, @false, 4, 14, '2017-08-11'),
    (160, 'Amelia',       'Rose of the War',     'G', @axe,    @armor,    @false, @false, 5, 7,  '2017-08-15'),
    (161, 'Innes',        'Regal Strategician',  'C', @bow,    @infantry, @false, @false, 5, 7,  '2017-08-15'),
    (162, 'Seth',         'Silver Knight',       'R', @sword,  @cavalry,  @false, @false, 3, 7,  '2017-08-15'),
    (163, 'Tana',         'Winged Princess',     'B', @lance,  @flier,    @false, @false, 5, 7,  '2017-08-15'),
    (164, 'Valter',       'Dark Moonstone',      'B', @lance,  @flier,    @false, @false, 3, 7,  '2017-08-21'),
    (165, 'Ike',          'Brave Mercenary',     'G', @axe,    @infantry, @false, @false, 5, 8,  '2017-08-31'),
    (166, 'Lucina',       'Brave Princess',      'B', @lance,  @infantry, @false, @false, 5, 11, '2017-08-31'),
    (167, 'Lyn',          'Brave Lady',          'C', @bow,    @cavalry,  @false, @false, 5, 6,  '2017-08-31'),
    (168, 'Roy',          'Brave Lion',          'R', @sword,  @cavalry,  @false, @false, 5, 5,  '2017-08-31'),
    (169, 'Elincia',      'Lost Princess',       'R', @sword,  @flier,    @false, @false, 5, 8,  '2017-09-15'),
    (170, 'Nephenee',     'Fierce Halberdier',   'B', @lance,  @infantry, @false, @false, 5, 8,  '2017-09-15'),
    (171, 'Oscar',        'Agile Horseman',      'B', @lance,  @cavalry,  @false, @false, 3, 8,  '2017-09-15'),
    (172, 'Black Knight', 'Sinister General',    'R', @sword,  @armor,    @false, @false, 4, 8,  '2017-09-23'),
    (173, 'Azura',        'Lady of Ballads',     'G', @axe,    @infantry, @false, @true,  5, 12, '2017-09-29'),
    (174, 'Inigo',        'Indigo Dancer',       'G', @tome,   @infantry, @false, @true,  5, 11, '2017-09-29'),
    (175, 'Olivia',       'Festival Dancer',     'C', @dagger, @infantry, @false, @true,  5, 11, '2017-09-29'),
    (176, 'Shigure',      'Dark Sky Singer',     'B', @tome,   @infantry, @false, @true,  5, 12, '2017-09-29'),
    (177, 'Deirdre',      'Lady of the Forest',  'G', @tome,   @infantry, @false, @false, 5, 3,  '2017-10-16'),
    (178, 'Sigurd',       'Holy Knight',         'R', @sword,  @cavalry,  @false, @false, 5, 3,  '2017-10-16'),
    (179, 'Tailtiu',      'Thunder Noble',       'B', @tome,   @infantry, @false, @false, 4, 3,  '2017-10-16'),
    (180, 'Arvis',        'Emperor of Flame',    'R', @tome,   @infantry, @false, @false, 3, 3,  '2017-10-18'),
    (181, 'Ayra',         'Astra''s Wielder',    'R', @sword,  @infantry, @false, @false, 5, 3,  '2017-10-19'),
    (182, 'Arden',        'Strong and Tough',    'R', @sword,  @armor,    @false, @false, 4, 3,  '2017-10-23'),
    (183, 'Henry',        'Happy Vampire',       'G', @tome,   @armor,    @false, @true,  5, 11, '2017-10-30'),
    (184, 'Jakob',        'Devoted Monster',     'C', @bow,    @armor,    @false, @true,  5, 12, '2017-10-30'),
    (185, 'Nowi',         'Eternal Witch',       'R', @tome,   @flier,    @false, @true,  5, 11, '2017-10-30'),
    (186, 'Sakura',       'Gentle Nekomata',     'C', @dagger, @infantry, @false, @true,  5, 12, '2017-10-30'),
    (187, 'Dorcas',       'Serene Warrior',      'G', @axe,    @infantry, @false, @false, 5, 6,  '2017-11-15'),
    (188, 'Lute',         'Prodigy',             'B', @tome,   @infantry, @false, @false, 5, 7,  '2017-11-15'),
    (189, 'Mia',          'Lady of Blades',      'R', @sword,  @infantry, @false, @false, 5, 8,  '2017-11-15'),
    (190, 'Joshua',       'Tempest King',        'R', @sword,  @infantry, @false, @false, 4, 7,  '2017-11-21'),
    (191, 'Fjorm',        'Princess of Ice',     'B', @lance,  @infantry, @false, @false, 5, 13, '2017-11-28'),
    (192, 'Rhajat',       'Black Magician',      'G', @tome,   @infantry, @false, @false, 5, 12, '2017-12-02'),
    (193, 'Shiro',        'Raw Talent',          'B', @lance,  @infantry, @false, @false, 5, 12, '2017-12-04'),
    (194, 'Siegbert',     'Future King',         'R', @sword,  @cavalry,  @false, @false, 5, 12, '2017-12-04'),
    (195, 'Soleil',       'Adorable Adorer',     'R', @sword,  @infantry, @false, @false, 4, 12, '2017-12-04'),
    (196, 'Chrom',        'Gifted Leader',       'G', @axe,    @armor,    @false, @true,  5, 11, '2017-12-18'),
    (197, 'Lissa',        'Pure Joy',            'G', @axe,    @armor,    @false, @true,  5, 11, '2017-12-18'),
    (198, 'Robin',        'Festive Tactician',   'B', @lance,  @armor,    @false, @true,  5, 11, '2017-12-18'),
    (199, 'Tharja',       'Normal Girl',         'R', @tome,   @armor,    @false, @true,  5, 11, '2017-12-18'),
    (200, 'Gunnthrá',     'Voice of Dreams',     'G', @tome,   @cavalry,  @false, @false, 5, 13, '2017-12-28'),
    (201, 'Azura',        'Celebratory Spirit',  'G', @axe,    @flier,    @false, @true,  5, 12, '2017-12-31'),
    (202, 'Camilla',      'Holiday Traveler',    'R', @sword,  @flier,    @false, @true,  5, 12, '2017-12-31'),
    (203, 'Takumi',       'Prince of Soup',      'C', @dagger, @infantry, @false, @true,  5, 12, '2017-12-31'),
    (204, 'Micaiah',      'Priestess of Dawn',   'B', @tome,   @infantry, @false, @false, 5, 9,  '2018-01-12'),
    (205, 'Sothe',        'Zephyr',              'C', @dagger, @infantry, @false, @false, 4, 9,  '2018-01-12'),
    (206, 'Zelgius',      'Jet-Black General',   'R', @sword,  @armor,    @false, @false, 5, 9,  '2018-01-12'),
    (207, 'Oliver',       'Admirer of Beauty',   'B', @tome,   @infantry, @false, @false, 3, 9,  '2018-01-14'),
    (208, 'Corrin',       'Enjoying Tradition',  'C', @bow,    @infantry, @false, @true,  4, 12, '2018-01-16'),
    (209, 'Eirika',       'Anamnesis Lady',      'R', @tome,   @cavalry,  @false, @false, 5, 7,  '2018-01-25'),
    (210, 'L''Arachel',   'Princess of Light',   'B', @tome,   @cavalry,  @false, @false, 4, 7,  '2018-01-25'),
    (211, 'Myrrh',        'Great Dragon',        'G', @breath, @flier,    @false, @false, 5, 7,  '2018-01-25'),
    (212, 'Lyon',         'Shadow Prince',       'R', @tome,   @infantry, @false, @false, 3, 7,  '2018-01-26'),
    (213, 'Ike',          'Vanguard Legend',     'R', @sword,  @infantry, @false, @false, 5, 9,  '2018-01-31'),
    (214, 'Marisa',       'Crimson Flash',       'R', @sword,  @infantry, @false, @false, 4, 7,  '2018-01-31'),
    (215, 'Hector',       'Just Here to Fight',  'G', @axe,    @armor,    @false, @true,  5, 6,  '2018-02-09'),
    (216, 'Lilina',       'Blush of Youth',      'G', @tome,   @cavalry,  @false, @true,  5, 5,  '2018-02-09'),
    (217, 'Lyn',          'Wind''s Embrace',     'B', @tome,   @armor,    @false, @true,  5, 6,  '2018-02-09'),
    (218, 'Roy',          'Youthful Gifts',      'C', @bow,    @cavalry,  @false, @true,  5, 5,  '2018-02-09'),
    (219, 'Eliwood',      'Devoted Love',        'B', @lance,  @armor,    @false, @true,  4, 6,  '2018-02-14'),
    (220, 'Celica',       'Imprisoned Soul',     'R', @sword,  @infantry, @false, @false, 5, 14, '2018-02-22'),
    (221, 'Hardin',       'Dark Emperor',        'B', @lance,  @armor,    @false, @false, 5, 2,  '2018-02-22'),
    (222, 'Robin',        'Fell Reincarnation',  'G', @breath, @armor,    @false, @false, 5, 11, '2018-02-22'),
    (223, 'Takumi',       'Empty Vessel',        'C', @bow,    @infantry, @false, @false, 3, 12, '2018-02-24'),
    (224, 'Ephraim',      'Legendary Lord',      'B', @lance,  @cavalry,  @false, @false, 5, 7,  '2018-02-28'),
    (225, 'Chrom',        'Knight Exalt',        'R', @sword,  @cavalry,  @false, @false, 5, 11, '2018-03-09'),
    (226, 'Morgan',       'Lad from Afar',       'R', @tome,   @infantry, @false, @false, 4, 11, '2018-03-09'),
    (227, 'Morgan',       'Lass from Afar',      'B', @tome,   @flier,    @false, @false, 5, 11, '2018-03-09'),
    (228, 'Gerome',       'Masked Rider',        'G', @axe,    @flier,    @false, @false, 4, 11, '2018-03-15'),
    (229, 'Alfonse',      'Spring Prince',       'G', @axe,    @cavalry,  @false, @true,  5, 13, '2018-03-22'),
    (230, 'Catria',       'Spring Whitewing',    'B', @tome,   @cavalry,  @false, @true,  5, 2,  '2018-03-22'),
    (231, 'Kagero',       'Spring Ninja',        'C', @dagger, @flier,    @false, @true,  5, 12, '2018-03-22'),
    (232, 'Sharena',      'Spring Princess',     'G', @tome,   @infantry, @false, @true,  5, 13, '2018-03-22'),
    (233, 'Robin',        'Fell Vessel',         'C', @breath, @flier,    @false, @false, 5, 11, '2018-03-29'),
    (234, 'Leif',         'Prince of Leonster',  'R', @sword,  @infantry, @false, @false, 5, 4,  '2018-04-11'),
    (235, 'Nanna',        'Nordion Princess',    'C', @staff,  @cavalry,  @false, @false, 4, 4,  '2018-04-11'),
    (236, 'Olwen',        'Righteous Knight',    'G', @tome,   @cavalry,  @false, @false, 5, 4,  '2018-04-11'),
    (237, 'Reinhardt',    'Thunder''s Sword',    'R', @sword,  @cavalry,  @false, @false, 5, 4,  '2018-04-11'),
    (238, 'Saias',        'Bishop of Flame',     'B', @tome,   @infantry, @false, @false, 3, 4,  '2018-04-17'),
    (239, 'Finn',         'Lance of Legend',     'B', @lance,  @cavalry,  @false, @false, 4, 4,  '2018-04-21'),
    (240, 'Hinoka',       'Blue Sky Warrior',    'C', @bow,    @flier,    @false, @false, 5, 12, '2018-04-24'),
    (241, 'Kana',         'Dragon Princess',     'G', @breath, @infantry, @false, @false, 5, 12, '2018-04-24'),
    (242, 'Shigure',      'Uplifting Artist',    'B', @lance,  @flier,    @false, @false, 4, 12, '2018-04-24'),
    (243, 'Lyn',          'Lady of the Wind',    'G', @bow,    @infantry, @false, @false, 5, 6,  '2018-05-01'),
    (244, 'Kaze',         'Easygoing Ninja',     'C', @dagger, @infantry, @false, @false, 3, 12, '2018-05-02'),
    (245, 'Kana',         'Dragon Spawn',        'B', @breath, @infantry, @false, @false, 3, 12, '2018-05-03'),
    (246, 'Ares',         'Black Knight',        'R', @sword,  @cavalry,  @false, @false, 4, 3,  '2018-05-10'),
    (247, 'Ishtar',       'Thunder Goddess',     'B', @tome,   @infantry, @false, @false, 5, 3,  '2018-05-10'),
    (248, 'Lene',         'Yearning Dancer',     'R', @sword,  @infantry, @false, @false, 5, 3,  '2018-05-10'),
    (249, 'Julius',       'Scion of Darkness',   'R', @tome,   @infantry, @false, @false, 3, 3,  '2018-05-14'),
    (250, 'Ninian',       'Bright-Eyed Bride',   'B', @tome,   @flier,    @false, @true,  5, 6,  '2018-05-21'),
    (251, 'Sanaki',       'Apostle in White',    'G', @tome,   @flier,    @false, @true,  5, 8,  '2018-05-21'),
    (252, 'Tharja',       'Obsessive Bride',     'R', @tome,   @infantry, @false, @true,  5, 11, '2018-05-21'),
    (253, 'Marth',        'Altean Groom',        'G', @axe,    @cavalry,  @false, @false, 4, 2,  '2018-05-25'),
    (254, 'Ryoma',        'Supreme Samurai',     'R', @sword,  @flier,    @false, @false, 5, 12, '2018-05-30'),
    (255, 'Karla',        'Sword Vassal',        'R', @sword,  @infantry, @false, @false, 5, 6,  '2018-06-08'),
    (256, 'Legault',      'The Hurricane',       'C', @dagger, @infantry, @false, @false, 5, 6,  '2018-06-08'),
    (257, 'Nino',         'Pale Flower',         'G', @tome,   @flier,    @false, @false, 5, 6,  '2018-06-08'),
    (258, 'Linus',        'Mad Dog',             'G', @axe,    @infantry, @false, @false, 3, 6,  '2018-06-12'),
    (259, 'Canas',        'Wisdom Seeker',       'R', @tome,   @infantry, @false, @false, 4, 6,  '2018-06-16')

INSERT INTO [Heroes].[Weapon] (id, name, might, effect, color, weapon_type, cost, is_exclusive)
VALUES
    (1, 'Alondite', 16, 'Unit can counterattack regardless of foe''s range.', 'R', @sword, 400, @true),
    (2, 'Amiti', 11, 'Inflicts Spd-2. If unit initiates combat, unit attacks twice.', 'R', @sword, 400, @true),
    (3, 'Armorslayer', 8, 'Effective against armored foes.', 'R', @sword, 200, @false),
    (4, 'Armorslayer+', 12, 'Effective against armored foes.', 'R', @sword, 300, @false),
    (5, 'Armorsmasher', 10, 'Effective against armored foes.', 'R', @sword, 200, @false),
    (6, 'Armorsmasher+', 14, 'Effective against armored foes.', 'R', @sword, 300, @false),
    (7, 'Audhulma', 16, 'Accelerates Special trigger (cooldown count-1). Grants Res+5.', 'R', @sword, 400, @true),
    (8, 'Ayra''s Blade', 16, 'Grants Spd+3. If unit''s Spd > foe''s Spd, grants Special cooldown charge +1 per attack. (Only highest value applied. Does not stack.)', 'R', @sword, 400, @true),
    (9, 'Beloved Zofia', 16, 'Grants Def+3. At start of combat, if unit''s HP = 100%, grants Atk/Spd/Def/Res+4, but after combat, if unit attacked, deals 4 damage to unit.', 'R', @sword, 400, @true),
    (10, 'Binding Blade', 16, 'If foe initiates combat, grants Def/Res+2 during combat.', 'R', @sword, 400, @true),
    (11, 'Blazing Durandal', 16, 'Grants Atk+3. If unit''s Atk > foe''s Atk, grants Special cooldown charge +1 per attack. (Only highest value applied. Does not stack.)', 'R', @sword, 400, @true),
    (12, 'Brave Sword', 5, 'Inflicts Spd-5. If unit initiates combat, unit attacks twice.', 'R', @sword, 200, @false),
    (13, 'Brave Sword+', 8, 'Inflicts Spd-5. If unit initiates combat, unit attacks twice.', 'R', @sword, 300, @false),
    (14, 'Dark Greatsword', 16, 'If unit initiates combat, grants Atk/Spd+4 during combat.', 'R', @sword, 400, @true),
    (15, 'Dark Mystletainn', 16, 'Accelerates Special trigger (cooldown count-1). If Special triggers before or during combat, grants Special cooldown count-2 after combat.', 'R', @sword, 400, @true),
    (16, 'Divine Tyrfing', 16, 'Grants Res+3. Reduces damage from magic foe''s first attack by 50%.', 'R', @sword, 400, @true),
    (17, 'Durandal', 16, 'If unit initiates combat, grants Atk+4 during combat.', 'R', @sword, 400, @true),
    (18, 'Eckesachs', 16, 'At start of turn, inflicts Def-4 on foes within 2 spaces through their next actions.', 'R', @sword, 400, @true),
    (19, 'Falchion (Awakening)', 16, 'Effective against dragon foes. At the start of every third turn, restores 10 HP.', 'R', @sword, 400, @true),
    (20, 'Falchion (Gaiden)', 16, 'Effective against dragon foes. At the start of every third turn, restores 10 HP.', 'R', @sword, 400, @true),
    (21, 'Falchion (Mystery)', 16, 'Effective against dragon foes. At the start of every third turn, restores 10 HP.', 'R', @sword, 400, @true),
    (22, 'Firesweep Sword', 11, 'Unit and foe cannot counterattack.', 'R', @sword, 200, @false),
    (23, 'Firesweep Sword+', 15, 'Unit and foe cannot counterattack.', 'R', @sword, 300, @false),
    (24, 'Fólkvangr', 16, 'At start of turn, if unit''s HP ≤ 50%, grants Atk+5 for 1 turn.', 'R', @sword, 400, @true),
    (25, 'Iron Sword', 6, null, 'R', @sword, 50, @false),
    (26, 'Kadomatsu', 10, 'Grants Def/Res+2 to allies within 2 spaces during combat.', 'R', @sword, 200, @false),
    (27, 'Kadomatsu+', 14, 'Grants Def/Res+2 to allies within 2 spaces during combat.', 'R', @sword, 300, @false),
    (28, 'Killing Edge', 7, 'Accelerates Special trigger (cooldown count-1).', 'R', @sword, 200, @false),
    (29, 'Killing Edge+', 11, 'Accelerates Special trigger (cooldown count-1).', 'R', @sword, 300, @false),
    (30, 'Laevatein (weapon)', 16, 'Grants Atk+3. Adds total bonuses on unit to damage dealt.', 'R', @sword, 400, @true),
    (31, 'Light Brand', 16, 'Grants Def+3. If foe''s Def ≥ foe''s Res+5, deals +7 damage.', 'R', @sword, 400, @true),
    (32, 'Meisterschwert', 11, 'Inflicts Spd-5. Unit attacks twice. (Even if foe initiates combat, unit attacks twice.)', 'R', @sword, 400, @true),
    (33, 'Mystletainn', 16, 'Accelerates Special trigger (cooldown count-1).', 'R', @sword, 400, @true),
    (34, 'Nameless Blade', 16, 'Accelerates Special trigger (cooldown count -1).', 'R', @sword, 400, @true),
    (35, 'Níu', 16, 'Grants Spd+3. Adds 50% of total bonuses on foe to unit''s Atk/Spd/Def/Res during combat.', 'R', @sword, 400, @true),
    (36, 'Ragnell', 16, 'Unit can counterattack regardless of foe''s range.', 'R', @sword, 400, @true),
    (37, 'Raijinto', 16, 'Unit can counterattack regardless of foe''s range.', 'R', @sword, 400, @true),
    (38, 'Regal Blade', 16, 'At start of combat, if foe''s HP = 100%, grants Atk/Spd+2 during combat.', 'R', @sword, 400, @true),
    (39, 'Resolute Blade', 16, 'Grants Atk+3. Deals +10 damage when Special triggers.', 'R', @sword, 400, @true),
    (40, 'Ruby Sword', 8, 'If unit has weapon-triangle advantage, boosts Atk by 20%. If unit has weapon-triangle disadvantage, reduces Atk by 20%.', 'R', @sword, 200, @false),
    (41, 'Ruby Sword+', 12, 'If unit has weapon-triangle advantage, boosts Atk by 20%. If unit has weapon-triangle disadvantage, reduces Atk by 20%.', 'R', @sword, 300, @false),
    (42, 'Safeguard', 10, 'If foe initiates combat, grants Def+7 during combat.', 'R', @sword, 200, @false),
    (43, 'Safeguard+', 14, 'If foe initiates combat, grants Def+7 during combat.', 'R', @sword, 300, @false),
    (44, 'Sealed Falchion', 16, 'Effective against dragon foes. At start of combat, if unit''s HP < 100%, grants Atk/Spd/Def/Res+5 during combat.', 'R', @sword, 400, @true),
    (45, 'Siegfried', 16, 'Unit can counterattack regardless of foe''s range.', 'R', @sword, 400, @true),
    (46, 'Sieglinde', 16, 'At start of turn, grants Atk+3 to adjacent allies for 1 turn.', 'R', @sword, 400, @true),
    (47, 'Silver Sword', 11, null, 'R', @sword, 200, @false),
    (48, 'Silver Sword+', 15, null, 'R', @sword, 300, @false),
    (49, 'Slaying Edge', 10, 'Accelerates Special trigger (cooldown count-1).', 'R', @sword, 200, @false),
    (50, 'Slaying Edge+', 14, 'Accelerates Special trigger (cooldown count-1).', 'R', @sword, 300, @false),
    (51, 'Sol Katti', 16, 'If unit''s HP ≤ 50% and unit initiates combat, unit can make a follow-up attack before foe can counterattack.', 'R', @sword, 400, @true),
    (52, 'Steel Sword', 8, null, 'R', @sword, 100, @false),
    (53, 'Tyrfing', 16, 'If unit''s HP ≤ 50%, grants Def+4 during combat.', 'R', @sword, 400, @true),
    (54, 'Vassal''s Blade', 16, 'Accelerates Special trigger (cooldown count-1). If unit''s Spd > foe''s Spd, boosts damage dealt by 70% of difference between stats. (Maximum bonus of +7 damage. Combos with Phantom Spd.)', 'R', @sword, 400, @true),
    (55, 'Wing Sword', 16, 'Effective against armored and cavalry foes.', 'R', @sword, 400, @true),
    (56, 'Wo Dao', 9, 'Deals +10 damage when Special triggers.', 'R', @sword, 200, @false),
    (57, 'Wo Dao+', 13, 'Deals +10 damage when Special triggers.', 'R', @sword, 300, @false),
    (58, 'Yato', 16, 'If unit initiates combat, grants Spd+4 during combat', 'R', @sword, 400, @true),
    (59, 'Zanbato', 10, 'Effective against cavalry foes.', 'R', @sword, 200, @false),
    (60, 'Zanbato+', 14, 'Effective against cavalry foes.', 'R', @sword, 300, @false),
    (61, 'Bolganone', 9, null, 'R', @tome, 200, @false),
    (62, 'Bolganone+', 13, null, 'R', @tome, 300, @false),
    (63, 'Brynhildr', 14, 'If unit initiates combat, inflicts status on foe restricting movement to 1 space through its next action.', 'R', @tome, 400, @true),
    (64, 'Candelabra', 8, 'If foe initiates combat, grants Atk/Spd/Def/Res+2 during combat.', 'R', @tome, 200, @false),
    (65, 'Candelabra+', 12, 'If foe initiates combat, grants Atk/Spd/Def/Res+2 during combat.', 'R', @tome, 300, @false),
    (66, 'Cymbeline', 14, 'If unit initiates combat, grants Atk+4 to adjacent allies for 1 turn after combat.', 'R', @tome, 400, @true),
    (67, 'Elfire', 6, null, 'R', @tome, 100, @false),
    (68, 'Fenrir', 9, null, 'R', @tome, 200, @false),
    (69, 'Fenrir+', 13, null, 'R', @tome, 300, @false),
    (70, 'Fire', 4, null, 'R', @tome, 50, @false),
    (71, 'Flux', 4, null, 'R', @tome, 50, @false),
    (72, 'Forblaze', 14, 'At start of turn, inflict Res-7 on foe on the enemy team with the highest Res through its next action.', 'R', @tome, 400, @true),
    (73, 'Gleipnir', 14, 'Grants Res+3. At start of combat, if foe''s HP = 100%, grants Atk/Spd+3 during combat.', 'R', @tome, 400, @true),
    (74, 'Grima''s Truth', 14, 'Grants Def+3. After combat, if unit attacked, inflicts Atk/Spd-5 on target and foes within 2 spaces of target through their next actions, and grants Atk/Spd+5 to unit and allies within 2 spaces for 1 turn.', 'R', @tome, 400, @true),
    (75, 'Grimoire', 14, 'If unit has ≥ 50% HP, unit can move to a space adjacent to an ally within 2 spaces.', 'R', @tome, 400, @true),
    (76, 'Keen Rauðrwolf', 8, 'Effective against cavalry foes.', 'R', @tome, 200, @false),
    (77, 'Keen Rauðrwolf+', 12, 'Effective against cavalry foes.', 'R', @tome, 300, @false),
    (78, 'Loptous', 14, 'Grants Res+3. Skills with "effective against dragons" are effective against unit. If foe has no skills with "effective against dragons," inflicts Atk-6 on foe during combat.', 'R', @tome, 400, @true),
    (79, 'Múspell Fireposy', 14, 'Grants Spd+3. During combat, boosts unit''s Atk/Spd by number of allies within 2 spaces × 2. (Maximum bonus of +6 to each stat.)', 'R', @tome, 400, @true),
    (80, 'Naglfar', 14, 'Grants weapon-triangle advantage against colorless foes.', 'R', @tome, 400, @true),
    (81, 'Ragnarok', 14, 'At start of combat, if unit''s HP = 100%, grants Atk/Spd+5, but after combat, if unit attacked, deals 5 damage to unit.', 'R', @tome, 400, @true),
    (82, 'Rauðrblade', 9, 'Slows Special trigger (cooldown count+1). Adds total bonuses on unit to damage dealt.', 'R', @tome, 200, @false),
    (83, 'Rauðrblade+', 13, 'Slows Special trigger (cooldown count+1). Adds total bonuses on unit to damage dealt.', 'R', @tome, 300, @false),
    (84, 'Rauðrowl', 6, 'During combat, boosts unit''s Atk/Spd/Def/Res by number of adjacent allies × 2.', 'R', @tome, 200, @false),
    (85, 'Rauðrowl+', 10, 'During combat, boosts unit''s Atk/Spd/Def/Res by number of adjacent allies × 2.', 'R', @tome, 300, @false),
    (86, 'Rauðrraven', 7, 'Grants weapon-triangle advantage against colorless foes, and inflicts weapon-triangle disadvantage on colorless foes during combat.', 'R', @tome, 200, @false),
    (87, 'Rauðrraven+', 11, 'Grants weapon-triangle advantage against colorless foes, and inflicts weapon-triangle disadvantage on colorless foes during combat.', 'R', @tome, 300, @false),
    (88, 'Rauðrwolf', 6, 'Effective against cavalry foes.', 'R', @tome, 200, @false),
    (89, 'Rauðrwolf+', 10, 'Effective against cavalry foes.', 'R', @tome, 300, @false),
    (90, 'Ruin', 6, null, 'R', @tome, 100, @false),
    (91, 'Tomato Tome', 8, 'Grants Atk/Spd+1 to allies within 2 spaces during combat.', 'R', @tome, 200, @false),
    (92, 'Tomato Tome+', 12, 'Grants Atk/Spd+1 to allies within 2 spaces during combat.', 'R', @tome, 300, @false),
    (93, 'Valflame', 14, 'At start of turn, inflicts Atk/Res-4 on foes in cardinal directions with Res < unit''s Res through their next actions.', 'R', @tome, 400, @true),
    (94, 'Berkut''s Lance', 10, 'If foe initiates combat, grants Res+4 during combat.', 'B', @lance, 200, @false),
    (95, 'Berkut''s Lance+', 14, 'If foe initiates combat, grants Res+4 during combat.', 'B', @lance, 300, @false),
    (96, 'Brave Lance', 5, 'Inflicts Spd-5. If unit initiates combat, unit attacks twice.', 'B', @lance, 200, @false),
    (97, 'Brave Lance+', 8, 'Inflicts Spd-5. If unit initiates combat, unit attacks twice.', 'B', @lance, 300, @false),
    (98, 'Bright Naginata', 16, 'If foe initiates combat, grants Atk/Def+4 during combat.', 'B', @lance, 400, @true),
    (99, 'Carrot Lance', 9, 'If unit initiates combat, restores 4 HP after combat.', 'B', @lance, 200, @false),
    (100, 'Carrot Lance+', 13, 'If unit initiates combat, restores 4 HP after combat.', 'B', @lance, 300, @false),
    (101, 'Casa Blanca', 10, 'If foe uses bow, dagger, magic, or staff, neutralizes foe''s bonuses (from skills like Fortify, Rally, etc.) during combat.', 'B', @lance, 200, @false),
    (102, 'Casa Blanca+', 14, 'If foe uses bow, dagger, magic, or staff, neutralizes foe''s bonuses (from skills like Fortify, Rally, etc.) during combat.', 'B', @lance, 300, @false),
    (103, 'Cursed Lance', 16, 'Accelerates Special trigger (cooldown count-1). Grants Atk/Spd+2. Deals 4 damage to unit after combat.', 'B', @lance, 400, @true),
    (104, 'Deft Harpoon', 10, 'At start of combat, if unit''s HP = 100%, grants Atk/Spd/Def/Res+2, but after combat, if unit attacked, deals 2 damage to unit.', 'B', @lance, 200, @false),
    (105, 'Deft Harpoon+', 14, 'At start of combat, if unit''s HP = 100%, grants Atk/Spd/Def/Res+2, but after combat, if unit attacked, deals 2 damage to unit.', 'B', @lance, 300, @false),
    (106, 'Fensalir', 16, 'At start of turn, inflicts Atk-4 on foes within 2 spaces through their next actions.', 'B', @lance, 400, @true),
    (107, 'Firesweep Lance', 11, 'Unit and foe cannot counterattack.', 'B', @lance, 200, @false),
    (108, 'Firesweep Lance+', 15, 'Unit and foe cannot counterattack.', 'B', @lance, 300, @false),
    (109, 'First Bite', 10, 'If unit initiates combat, grants Def/Res+2 to allies within 2 spaces for 1 turn after combat.', 'B', @lance, 200, @false),
    (110, 'First Bite+', 14, 'If unit initiates combat, grants Def/Res+2 to allies within 2 spaces for 1 turn after combat.', 'B', @lance, 300, @false),
    (111, 'Flame Siegmund', 16, 'Grants Atk+3. If the number of foes within 2 spaces (excluding target) ≥ the number of allies within 2 spaces (excluding unit), unit makes a guaranteed follow-up attack.', 'B', @lance, 400, @true),
    (112, 'Geirskögul', 16, 'Grants Def+3. If allies within 2 spaces use sword, lance, axe, bow, or dagger, grants Atk/Spd+3 to those allies during combat.', 'B', @lance, 400, @true),
    (113, 'Gradivus', 16, 'Unit can counterattack regardless of foe''s range.', 'B', @lance, 400, @true),
    (114, 'Harmonic Lance', 9, 'Deals +10 damage when Special triggers.', 'B', @lance, 200, @false),
    (115, 'Harmonic Lance+', 13, 'Deals +10 damage when Special triggers.', 'B', @lance, 300, @false),
    (116, 'Heavy Spear', 8, 'Effective against armored foes.', 'B', @lance, 200, @false),
    (117, 'Heavy Spear+', 12, 'Effective against armored foes.', 'B', @lance, 300, @false),
    (118, 'Hinoka''s Spear', 16, 'If unit is within 2 spaces of a flying or infantry ally, grants Atk/Spd+4 during combat.', 'B', @lance, 400, @true),
    (119, 'Iron Lance', 6, null, 'B', @lance, 50, @false),
    (120, 'Killer Lance', 7, 'Accelerates Special trigger (cooldown count-1).', 'B', @lance, 200, @false),
    (121, 'Killer Lance+', 11, 'Accelerates Special trigger (cooldown count-1).', 'B', @lance, 300, @false),
    (122, 'Leiptr', 16, 'Unit can counterattack regardless of foe''s range.', 'B', @lance, 400, @true),
    (123, 'Rhomphaia', 16, 'Effective against armored and cavalry foes.', 'B', @lance, 400, @true),
    (124, 'Ridersbane', 10, 'Effective against cavalry foes.', 'B', @lance, 200, @false),
    (125, 'Ridersbane+', 14, 'Effective against cavalry foes.', 'B', @lance, 300, @false),
    (126, 'Sapphire Lance', 8, 'If unit has weapon-triangle advantage, boosts Atk by 20%. If unit has weapon-triangle disadvantage, reduces Atk by 20%.', 'B', @lance, 200, @false),
    (127, 'Sapphire Lance+', 12, 'If unit has weapon-triangle advantage, boosts Atk by 20%. If unit has weapon-triangle disadvantage, reduces Atk by 20%.', 'B', @lance, 300, @false),
    (128, 'Siegmund', 16, 'At start of turn, grants Atk+3 to adjacent allies for 1 turn.', 'B', @lance, 400, @true),
    (129, 'Silver Lance', 11, null, 'B', @lance, 200, @false),
    (130, 'Silver Lance+', 15, null, 'B', @lance, 300, @false),
    (131, 'Slaying Lance', 10, 'Accelerates Special trigger (cooldown count-1).', 'B', @lance, 200, @false),
    (132, 'Slaying Lance+', 14, 'Accelerates Special trigger (cooldown count-1).', 'B', @lance, 300, @false),
    (133, 'Slaying Spear', 10, 'Effective against armored foes.', 'B', @lance, 200, @false),
    (134, 'Slaying Spear+', 14, 'Effective against armored foes.', 'B', @lance, 300, @false),
    (135, 'Steel Lance', 8, null, 'B', @lance, 100, @false),
    (136, 'Tannenboom!', 10, 'If foe initiates combat, grants Atk/Spd/Def/Res+2 during combat.', 'B', @lance, 200, @false),
    (137, 'Tannenboom!+', 14, 'If foe initiates combat, grants Atk/Spd/Def/Res+2 during combat.', 'B', @lance, 300, @false),
    (138, 'Vidofnir', 16, 'If foe initiates combat and uses sword, lance, or axe, grants Def+7 during combat.', 'B', @lance, 400, @true),
    (139, 'Aura', 14, 'If unit initiates combat, restores 5 HP to adjacent allies after combat.', 'B', @tome, 400, @true),
    (140, 'Blárblade', 9, 'Slows Special trigger (cooldown count+1). Adds total bonuses on unit to damage dealt.', 'B', @tome, 200, @false),
    (141, 'Blárblade+', 13, 'Slows Special trigger (cooldown count+1). Adds total bonuses on unit to damage dealt.', 'B', @tome, 300, @false),
    (142, 'Blárowl', 6, 'During combat, boosts unit''s Atk/Spd/Def/Res by number of adjacent allies × 2.', 'B', @tome, 200, @false),
    (143, 'Blárowl+', 10, 'During combat, boosts unit''s Atk/Spd/Def/Res by number of adjacent allies × 2.', 'B', @tome, 300, @false),
    (144, 'Blárraven', 7, 'Grants weapon-triangle advantage against colorless foes, and inflicts weapon-triangle disadvantage on colorless foes during combat.', 'B', @tome, 200, @false),
    (145, 'Blárraven+', 11, 'Grants weapon-triangle advantage against colorless foes, and inflicts weapon-triangle disadvantage on colorless foes during combat.', 'B', @tome, 300, @false),
    (146, 'Blárserpent', 8, 'If foe initiates combat and uses bow, dagger, magic, or staff, grants Def/Res+6 during combat.', 'B', @tome, 200, @false),
    (147, 'Blárserpent+', 12, 'If foe initiates combat and uses bow, dagger, magic, or staff, grants Def/Res+6 during combat.', 'B', @tome, 300, @false),
    (148, 'Blárwolf', 6, 'Effective against cavalry foes.', 'B', @tome, 200, @false),
    (149, 'Blárwolf+', 10, 'Effective against cavalry foes.', 'B', @tome, 300, @false),
    (150, 'Blessed Bouquet', 8, 'If unit initiates combat, grants Def/Res+2 to allies within 2 spaces for 1 turn after combat.', 'B', @tome, 200, @false),
    (151, 'Blessed Bouquet+', 12, 'If unit initiates combat, grants Def/Res+2 to allies within 2 spaces for 1 turn after combat.', 'B', @tome, 300, @false),
    (152, 'Blue Egg', 7, 'If unit initiates combat, restores 4 HP after combat.', 'B', @tome, 200, @false),
    (153, 'Blue Egg+', 11, 'If unit initiates combat, restores 4 HP after combat.', 'B', @tome, 300, @false),
    (154, 'Blue Gift', 8, 'If foe uses bow, dagger, magic, or staff, neutralizes foe''s bonuses (from skills like Fortify, Rally, etc.) during combat.', 'B', @tome, 200, @false),
    (155, 'Blue Gift+', 12, 'If foe uses bow, dagger, magic, or staff, neutralizes foe''s bonuses (from skills like Fortify, Rally, etc.) during combat.', 'B', @tome, 300, @false),
    (156, 'Dancer''s Score', 8, 'If unit initiates combat, restores 7 HP to adjacent allies after combat.', 'B', @tome, 200, @false),
    (157, 'Dancer''s Score+', 12, 'If unit initiates combat, restores 7 HP to adjacent allies after combat.', 'B', @tome, 300, @false),
    (158, 'Dark Aura', 14, 'At start of turn, if adjacent allies use sword, axe, lance, or dragonstone, grants Atk+6 to those allies for 1 turn.', 'B', @tome, 400, @true),
    (159, 'Dire Thunder', 9, 'Inflicts Spd-5. If unit initiates combat, unit attacks twice.', 'B', @tome, 400, @true),
    (160, 'Ellight', 6, null, 'B', @tome, 100, @false),
    (161, 'Elthunder', 6, null, 'B', @tome, 100, @false),
    (162, 'Fresh Bouquet', 8, 'At start of turn, if unit is adjacent to an ally, grants Spd+4 to unit and adjacent allies for 1 turn.', 'B', @tome, 200, @false),
    (163, 'Fresh Bouquet+', 12, 'At start of turn, if unit is adjacent to an ally, grants Spd+4 to unit and adjacent allies for 1 turn.', 'B', @tome, 300, @false),
    (164, 'Huginn''s Egg', 14, 'Grants Res+3. At start of turn, if unit''s HP ≥ 50%, inflicts Atk/Def-5 on foe on the enemy team with the lowest Res through it''s next action.', 'B', @tome, 400, @true),
    (165, 'Ivaldi', 14, 'Grants Def+3. At start of combat, if foe''s HP = 100%, grants Atk/Spd+3 during combat.', 'B', @tome, 400, @true),
    (166, 'Keen Blárwolf', 8, 'Effective against cavalry foes.', 'B', @tome, 200, @false),
    (167, 'Keen Blárwolf+', 12, 'Effective against cavalry foes.', 'B', @tome, 300, @false),
    (168, 'Light', 4, null, 'B', @tome, 50, @false),
    (169, 'Mjölnir', 14, 'Accelerates Special trigger (cooldown count-1). If unit initiates combat, grants Spd+6 during combat.', 'B', @tome, 400, @true),
    (170, 'Sealife Tome', 8, 'Grants Atk/Spd+1 to allies within 2 spaces during combat.', 'B', @tome, 200, @false),
    (171, 'Sealife Tome+', 12, 'Grants Atk/Spd+1 to allies within 2 spaces during combat.', 'B', @tome, 300, @false),
    (172, 'Shine', 9, null, 'B', @tome, 200, @false),
    (173, 'Shine+', 13, null, 'B', @tome, 300, @false),
    (174, 'Thani', 14, 'Effective against armored and cavalry foes. Grants Res+3. If armored or cavalry foe uses bow, dagger, magic, or staff, reduces damage from foe''s first attack by 30%.', 'B', @tome, 400, @true),
    (175, 'Thoron', 9, null, 'B', @tome, 200, @false),
    (176, 'Thoron+', 13, null, 'B', @tome, 300, @false),
    (177, 'Thunder', 4, null, 'B', @tome, 50, @false),
    (178, 'Valaskjálf', 14, 'If unit’s HP ≤ 50% and foe initiates combat, unit can counterattack before foe’s first attack.', 'B', @tome, 400, @true),
    (179, 'Wargod''s Tome', 14, 'At start of turn, inflicts Atk/Res-4 on foes in cardinal directions with Res < unit''s Res through their next actions.', 'B', @tome, 400, @true),
    (180, 'Weirding Tome', 14, 'Grants Spd+3. At start of turn, inflicts Spd-5 on foes in cardinal directions with Res < unit''s Res through their next actions.', 'B', @tome, 400, @true),
    (181, 'Ardent Service', 10, 'At start of turn, if unit is adjacent to an ally, grants Atk+4 to unit and adjacent allies for 1 turn.', 'G', @axe, 200, @false),
    (182, 'Ardent Service+', 14, 'At start of turn, if unit is adjacent to an ally, grants Atk+4 to unit and adjacent allies for 1 turn.', 'G', @axe, 300, @false),
    (183, 'Armads', 16, 'If unit’s HP ≥ 80% and foe initiates combat, unit makes a guaranteed follow-up attack.', 'G', @axe, 400, @true),
    (184, 'Basilikos', 16, 'Accelerates Special trigger (cooldown count-1).', 'G', @axe, 400, @true),
    (185, 'Berserk Armads', 16, 'Accelerates Special trigger (cooldown count-1). At start of turn, if unit''s HP ≤ 75% and unit''s attack triggers Special, grants Special cooldown count-1. Deals +10 damage when Special triggers.', 'G', @axe, 400, @true),
    (186, 'Brave Axe', 5, 'Inflicts Spd-5. If unit initiates combat, unit attacks twice.', 'G', @axe, 200, @false),
    (187, 'Brave Axe+', 8, 'Inflicts Spd-5. If unit initiates combat, unit attacks twice.', 'G', @axe, 300, @false),
    (188, 'Býleistr', 16, 'At start of odd-numbered turns, grants Atk/Spd/Def/Res+4 to unit and adjacent allies for 1 turn. (Bonus granted to unit even if no allies are adjacent.)', 'G', @axe, 400, @true),
    (189, 'Camilla''s Axe', 16, 'If unit is within 2 spaces of a cavalry or flying ally, grants Atk/Spd +4 during combat.', 'G', @axe, 400, @true),
    (190, 'Carrot Axe', 9, 'If unit initiates combat, restores 4 HP after combat.', 'G', @axe, 200, @false),
    (191, 'Carrot Axe+', 13, 'If unit initiates combat, restores 4 HP after combat.', 'G', @axe, 300, @false),
    (192, 'Emerald Axe', 8, 'If unit has weapon-triangle advantage, boosts Atk by 20%. If unit has weapon-triangle disadvantage, reduces Atk by 20%.', 'G', @axe, 200, @false),
    (193, 'Emerald Axe+', 12, 'If unit has weapon-triangle advantage, boosts Atk by 20%. If unit has weapon-triangle disadvantage, reduces Atk by 20%.', 'G', @axe, 300, @false),
    (194, 'Giant Spoon', 9, 'Deals +10 damage when Special triggers.', 'G', @axe, 200, @false),
    (195, 'Giant Spoon+', 13, 'Deals +10 damage when Special triggers.', 'G', @axe, 300, @false),
    (196, 'Hagoita', 10, 'Grants Def/Res+2 to allies within 2 spaces during combat.', 'G', @axe, 200, @false),
    (197, 'Hagoita+', 14, 'Grants Def/Res+2 to allies within 2 spaces during combat.', 'G', @axe, 300, @false),
    (198, 'Hammer', 8, 'Effective against armored foes.', 'G', @axe, 200, @false),
    (199, 'Hammer+', 12, 'Effective against armored foes.', 'G', @axe, 300, @false),
    (200, 'Handbell', 10, 'If foe initiates combat, grants Atk/Spd/Def/Res+2 during combat.', 'G', @axe, 200, @false),
    (201, 'Handbell+', 14, 'If foe initiates combat, grants Atk/Spd/Def/Res+2 during combat.', 'G', @axe, 300, @false),
    (202, 'Hauteclere', 16, 'Accelerates Special trigger (cooldown count-1).', 'G', @axe, 400, @true),
    (203, 'Iron Axe', 6, null, 'G', @axe, 50, @false),
    (204, 'Killer Axe', 7, 'Accelerates Special trigger (cooldown count-1).', 'G', @axe, 200, @false),
    (205, 'Killer Axe+', 11, 'Accelerates Special trigger (cooldown count-1).', 'G', @axe, 300, @false),
    (206, 'Legion''s Axe', 10, 'After combat, if unit attacked, converts bonuses on foe into penalties through its next action.', 'G', @axe, 200, @false),
    (207, 'Legion''s Axe+', 14, 'After combat, if unit attacked, converts bonuses on foe into penalties through its next action.', 'G', @axe, 300, @false),
    (208, 'Lilith Floatie', 10, 'Grants Atk/Spd+1 to allies within 2 spaces during combat.', 'G', @axe, 200, @false),
    (209, 'Lilith Floatie+', 14, 'Grants Atk/Spd+1 to allies within 2 spaces during combat.', 'G', @axe, 300, @false),
    (210, 'Melon Crusher', 10, 'At start of combat, if unit''s HP = 100%, grants Atk/Spd/Def/Res+2, but after combat, if unit attacked, deals 2 damage to unit.', 'G', @axe, 200, @false),
    (211, 'Melon Crusher+', 14, 'At start of combat, if unit''s HP = 100%, grants Atk/Spd/Def/Res+2, but after combat, if unit attacked, deals 2 damage to unit.', 'G', @axe, 300, @false),
    (212, 'Nóatún', 16, 'If unit’s HP ≤ 40%, unit can move to a space adjacent to any ally.', 'G', @axe, 400, @true),
    (213, 'Poleaxe', 10, 'Effective against cavalry foes.', 'G', @axe, 200, @false),
    (214, 'Poleaxe+', 14, 'Effective against cavalry foes.', 'G', @axe, 300, @false),
    (215, 'Sack o'' Gifts', 10, 'If foe initiates combat, grants Atk/Spd/Def/Res+2 during combat.', 'G', @axe, 200, @false),
    (216, 'Sack o'' Gifts+', 14, 'If foe initiates combat, grants Atk/Spd/Def/Res+2 during combat.', 'G', @axe, 300, @false),
    (217, 'Silver Axe', 11, null, 'G', @axe, 200, @false),
    (218, 'Silver Axe+', 15, null, 'G', @axe, 300, @false),
    (219, 'Sinmara', 16, 'Grants Def+3. At the start of turn, deals 20 damage to foes within 2 spaces.', 'G', @axe, 400, @true),
    (220, 'Slaying Axe', 10, 'Accelerates Special trigger (cooldown count-1).', 'G', @axe, 200, @false),
    (221, 'Slaying Axe+', 14, 'Accelerates Special trigger (cooldown count-1).', 'G', @axe, 300, @false),
    (222, 'Slaying Hammer', 10, 'Effective against armored foes.', 'G', @axe, 200, @false),
    (223, 'Slaying Hammer+', 14, 'Effective against armored foes.', 'G', @axe, 300, @false),
    (224, 'Steel Axe', 8, null, 'G', @axe, 100, @false),
    (225, 'Stout Tomahawk', 16, 'Unit can counterattack regardless of foe''s range.', 'G', @axe, 400, @true),
    (226, 'Urvan', 16, 'Accelerates Special trigger (cooldown count-1). If unit receives consecutive attacks, reduces damage from foe''s second attack onward by 80%.', 'G', @axe, 400, @true),
    (227, 'Urðr', 16, 'If Sing or Dance is used, grants Atk/Spd/Def/Res+3 to target.', 'G', @axe, 400, @true),
    (228, 'Blizzard', 14, 'Grants Res+3. Grants bonus to unit''s Atk = total penalties on foe during combat.', 'G', @tome, 400, @true),
    (229, 'Dancer''s Ring', 8, 'If unit initiates combat, restores 7 HP to adjacent allies after combat.', 'G', @tome, 200, @false),
    (230, 'Dancer''s Ring+', 12, 'If unit initiates combat, restores 7 HP to adjacent allies after combat.', 'G', @tome, 300, @false),
    (231, 'Dark Excalibur', 14, 'Deals +10 damage when Special triggers.', 'G', @tome, 400, @true),
    (232, 'Divine Naga', 14, 'Effective against dragon foes. Neutralizes foe''s bonuses (from skills like Fortify, Rally, etc.) during combat.', 'G', @tome, 400, @true),
    (233, 'Élivágar', 14, 'If unit initiates combat, converts bonuses on foes within 2 spaces of target into penalties through their next actions.', 'G', @tome, 400, @true),
    (234, 'Elwind', 6, null, 'G', @tome, 100, @false),
    (235, 'Excalibur', 14, 'Effective against flying foes.', 'G', @tome, 400, @true),
    (236, 'Giga Excalibur', 14, 'Grants Spd+3. If unit''s Spd > foe''s Spd, boosts damage dealt by 70% of difference between stats. (Maximum bonus of +7 damage. Combos with Phantom Spd.)', 'G', @tome, 400, @true),
    (237, 'Green Egg', 7, 'If unit initiates combat, restores 4 HP after combat.', 'G', @tome, 200, @false),
    (238, 'Green Egg+', 11, 'If unit initiates combat, restores 4 HP after combat.', 'G', @tome, 300, @false),
    (239, 'Green Gift', 8, 'If foe uses bow, dagger, magic, or staff, neutralizes foe''s bonuses (from skills like Fortify, Rally, etc.) during combat.', 'G', @tome, 200, @false),
    (240, 'Green Gift+', 12, 'If foe uses bow, dagger, magic, or staff, neutralizes foe''s bonuses (from skills like Fortify, Rally, etc.) during combat.', 'G', @tome, 300, @false),
    (241, 'Gronnblade', 9, 'Slows Special trigger (cooldown count+1). Adds total bonuses on unit to damage dealt.', 'G', @tome, 200, @false),
    (242, 'Gronnblade+', 13, 'Slows Special trigger (cooldown count+1). Adds total bonuses on unit to damage dealt.', 'G', @tome, 300, @false),
    (243, 'Gronnowl', 6, 'During combat, boosts unit''s Atk/Spd/Def/Res by number of adjacent allies × 2.', 'G', @tome, 200, @false),
    (244, 'Gronnowl+', 10, 'During combat, boosts unit''s Atk/Spd/Def/Res by number of adjacent allies × 2.', 'G', @tome, 300, @false),
    (245, 'Gronnraven', 7, 'Grants weapon-triangle advantage against colorless foes, and inflicts weapon-triangle disadvantage on colorless foes during combat.', 'G', @tome, 200, @false),
    (246, 'Gronnraven+', 11, 'Grants weapon-triangle advantage against colorless foes, and inflicts weapon-triangle disadvantage on colorless foes during combat.', 'G', @tome, 300, @false),
    (247, 'Gronnwolf', 6, 'Effective against cavalry foes.', 'G', @tome, 200, @false),
    (248, 'Gronnwolf+', 10, 'Effective against cavalry foes.', 'G', @tome, 300, @false),
    (249, 'Hibiscus Tome', 8, 'Grants Atk/Spd+1 to allies within 2 spaces during combat.', 'G', @tome, 200, @false),
    (250, 'Hibiscus Tome+', 12, 'Grants Atk/Spd+1 to allies within 2 spaces during combat.', 'G', @tome, 300, @false),
    (251, 'Keen Gronnwolf', 8, 'Effective against cavalry foes.', 'G', @tome, 200, @false),
    (252, 'Keen Gronnwolf+', 12, 'Effective against cavalry foes.', 'G', @tome, 300, @false),
    (253, 'Muninn''s Egg', 14, 'Grants Res+3. At start of turn, if unit''s HP ≥ 50%, inflicts Atk/Res-5 on foe on the enemy team with the lowest Spd through it''s next action.', 'G', @tome, 400, @true),
    (254, 'Naga', 14, 'Effective against dragon foes. If foe initiates combat, grants Def/Res+2 during combat.', 'G', @tome, 400, @true),
    (255, 'Nifl Frostflowers', 14, 'Grants Atk+3. During combat, boosts unit''s Atk/Spd by number of allies within 2 spaces × 2. (Maximum bonus of +6 to each stat.)', 'G', @tome, 400, @true),
    (256, 'Rexcalibur', 9, null, 'G', @tome, 200, @false),
    (257, 'Rexcalibur+', 13, null, 'G', @tome, 300, @false),
    (258, 'Spectral Tome', 8, 'After combat, if unit attacked, converts bonuses on foes within 2 spaces of target into penalties through their next actions.', 'G', @tome, 200, @false),
    (259, 'Spectral Tome+', 12, 'After combat, if unit attacked, converts bonuses on foes within 2 spaces of target into penalties through their next actions.', 'G', @tome, 300, @false),
    (260, 'Thunderhead', 14, 'Adds total bonuses on unit to damage dealt.', 'G', @tome, 400, @true),
    (261, 'Wind', 4, null, 'G', @tome, 50, @false),
    (262, 'Wind''s Brand', 14, 'At start of turn, inflicts Atk-7 on foe on the enemy team with the highest Atk through its next action.', 'G', @tome, 400, @true),
    (263, 'Absorb', 4, 'Restores HP = 50% of damage dealt.', 'C', @staff, 150, @false),
    (264, 'Absorb+', 7, 'Restores HP = 50% of damage dealt. After combat, if unit attacked, restores 7 HP to allies within 2 spaces of unit.', 'C', @staff, 300, @false),
    (265, 'Assault', 10, null, 'C', @staff, 50, @false),
    (266, 'Candlelight', 7, 'After combat, if unit attacked, inflicts status on foe preventing counterattacks through its next action.', 'C', @staff, 150, @false),
    (267, 'Candlelight+', 11, 'After combat, if unit attacked, inflicts status on target and foes within 2 spaces of target preventing counterattacks through their next actions.', 'C', @staff, 300, @false),
    (268, 'Fear', 5, 'After combat, if unit attacked, inflicts Atk-6 on foe through its next action.', 'C', @staff, 150, @false),
    (269, 'Fear+', 12, 'After combat, if unit attacked, inflicts Atk-7 on target and foes within 2 spaces of target through their next actions.', 'C', @staff, 300, @false),
    (270, 'Gravity', 6, 'After combat, if unit attacked, inflicts status on foe restricting movement to 1 space through its next action.', 'C', @staff, 150, @false),
    (271, 'Gravity+', 10, 'After combat, if unit attacked, inflicts status on target and foes within 1 space of target restricting movement to 1 space through their next actions.', 'C', @staff, 300, @false),
    (272, 'Pain', 3, 'After combat, if unit attacked, deals 10 damage to foe.', 'C', @staff, 150, @false),
    (273, 'Pain+', 10, 'Deals 10 damage to target and foes within 2 spaces of target after combat.', 'C', @staff, 300, @false),
    (274, 'Panic', 7, 'After combat, if unit attacked, converts bonuses on foe into penalties through its next action.', 'C', @staff, 150, @false),
    (275, 'Panic+', 11, 'After combat, if unit attacked, converts bonuses on target and foes within 2 spaces of target into penalties through their next actions.', 'C', @staff, 300, @false),
    (276, 'Slow', 5, 'After combat, if unit attacked, inflicts Spd-6 on foe through its next action.', 'C', @staff, 150, @false),
    (277, 'Slow+', 12, 'After combat, if unit attacked, inflicts Spd-7 on target and foes within 2 spaces of target through their next actions.', 'C', @staff, 300, @false),
    (278, 'Thökk', 14, 'Calculates damage from staff like other weapons. At start of turn, if foe''s HP ≤ unit''s HP+3 and foe is in cardinal direction and uses bow, dagger, magic, or staff, foe cannot move more than 1 space through its action.', 'C', @staff, 400, @true),
    (279, 'Barb Shuriken', 8, 'Accelerates Special trigger (cooldown count-1). After combat, if unit attacked, inflicts Def/Res-5 on target and foes within 2 spaces of target through their next actions.', 'C', @dagger, 200, @false),
    (280, 'Barb Shuriken+', 12, 'Accelerates Special trigger (cooldown count-1). After combat, if unit attacked, inflicts Def/Res-7 on target and foes within 2 spaces of target through their next actions.', 'C', @dagger, 300, @false),
    (281, 'Dancer''s Fan', 7, 'If unit initiates combat, restores 7 HP to adjacent allies after combat. After combat, if unit attacked, inflicts Def/Res-5 on foe through its next action.', 'C', @dagger, 200, @false),
    (282, 'Dancer''s Fan+', 10, 'If unit initiates combat, restores 7 HP to adjacent allies after combat. After combat, if unit attacked, inflicts Def/Res-7 on foe through its next action.', 'C', @dagger, 300, @false),
    (283, 'Deathly Dagger', 11, 'After combat, if unit attacked, inflicts Def/Res-7 on foe through its next action. If unit initiates combat, deals 7 damage to foe after combat.', 'C', @dagger, 400, @true),
    (284, 'Felicia''s Plate', 14, 'After combat, if unit attacked, inflicts Def/Res-7 on target and foes within 2 spaces through their next actions. Calculates damage using the lower of foe''s Def or Res.', 'C', @dagger, 400, @true),
    (285, 'Iron Dagger', 3, 'After combat, if unit attacked, inflicts Def/Res-3 on foe through its next action.', 'C', @dagger, 50, @false),
    (286, 'Kagami Mochi', 8, 'Accelerates Special trigger (cooldown count-1). After combat, if unit attacked, inflicts Def/Res-5 on target and foes within 2 spaces of target through their next actions.', 'C', @dagger, 200, @false),
    (287, 'Kagami Mochi+', 12, 'Accelerates Special trigger (cooldown count-1). After combat, if unit attacked, inflicts Def/Res-7 on target and foes within 2 spaces of target through their next actions.', 'C', @dagger, 300, @false),
    (288, 'Kitty Paddle', 5, 'Effective against magic foes. After combat, if unit attacked and if foe uses magic, inflicts Def/Res-5 on foe through its next action.', 'C', @dagger, 200, @false),
    (289, 'Kitty Paddle+', 8, 'Effective against magic foes. After combat, if unit attacked and if foe uses magic, inflicts Def/Res-7 on foe through its next action.', 'C', @dagger, 300, @false),
    (290, 'Lethal Carrot', 8, 'Deals +10 damage when Special triggers. After combat, if unit attacked, inflicts Def/Res-5 on target and foes within 2 spaces of target through their next actions.', 'C', @dagger, 300, @false),
    (291, 'Lethal Carrot+', 12, 'Deals +10 damage when Special triggers. After combat, if unit attacked, inflicts Def/Res-7 on target and foes within 2 spaces of target through their next actions.', 'C', @dagger, 300, @false),
    (292, 'Peshkatz', 14, 'After combat, if unit attacked, inflicts Atk/Spd/Def/Res-4 on target and foes within 2 spaces of target through their next actions, and grants Atk/Spd/Def/Res+4 to unit and allies within 2 spaces for 1 turn.', 'C', @dagger, 400, @true),
    (293, 'Poison Dagger', 2, 'Effective against infantry foes. After combat, if unit attacked, inflicts Def/Res-4 on infantry foe through its next action.', 'C', @dagger, 200, @false),
    (294, 'Poison Dagger+', 5, 'Effective against infantry foes. After combat, if unit attacked, inflicts Def/Res-6 on infantry foe through its next action.', 'C', @dagger, 300, @false),
    (295, 'Rogue Dagger', 4, 'After combat, if unit attacked, inflicts Def/Res-3 on foe through its next action. Grants unit Def/Res+3 for 1 turn.', 'C', @dagger, 200, @false),
    (296, 'Rogue Dagger+', 7, 'After combat, if unit attacked, inflicts Def/Res-5 on foe through its next action. Grants unit Def/Res+5 for 1 turn.', 'C', @dagger, 300, @false),
    (297, 'Seashell', 7, 'At start of combat, if unit''s HP = 100%, grants Atk/Spd/Def/Res+2, but after combat, if unit attacked, deals 2 damage to unit. After combat, if unit attacked, inflicts Def/Res-5 on foe through its next action.', 'C', @dagger, 200, @false),
    (298, 'Seashell+', 10, 'At start of combat, if unit''s HP = 100%, grants Atk/Spd/Def/Res+2, but after combat, if unit attacked, deals 2 damage to unit. After combat, if unit attacked, inflicts Def/Res-7 on foe through its next action.', 'C', @dagger, 300, @false),
    (299, 'Silver Dagger', 7, 'After combat, if unit attacked, inflicts Def/Res-5 on foe through its next action.', 'C', @dagger, 200, @false),
    (300, 'Silver Dagger+', 10, 'After combat, if unit attacked, inflicts Def/Res-7 on foe through its next action.', 'C', @dagger, 300, @false),
    (301, 'Smoke Dagger', 6, 'After combat, if unit attacked, inflicts Def/Res-4 on foes within 2 spaces of target through their next actions.', 'C', @dagger, 200, @false),
    (302, 'Smoke Dagger+', 9, 'After combat, if unit attacked, inflicts Def/Res-6 on foes within 2 spaces of target through their next actions.', 'C', @dagger, 300, @false),
    (303, 'Steel Dagger', 5, 'After combat, if unit attacked, inflicts Def/Res-3 on foe through its next action.', 'C', @dagger, 100, @false),
    (304, 'The Cleaner', 8, 'Adds total bonuses on foe to damage dealt during combat. After combat, if unit attacked, inflicts Def/Res-5 on target and foes within 2 spaces of target through their next actions.', 'C', @dagger, 200, @false),
    (305, 'The Cleaner+', 12, 'Adds total bonuses on foe to damage dealt during combat. After combat, if unit attacked, inflicts Def/Res-7 on target and foes within 2 spaces of target through their next actions.', 'C', @dagger, 300, @false),
    (306, 'Breath of Fog', 16, 'Effective against dragon foes. At the start of every second turn, restores 10 HP. If foe''s Range = 2, calculates damage using the lower of foe''s Def or Res.', 'M', @breath, 400, @true),
    (307, 'Dark Breath', 9, 'If unit initiates combat, inflicts Atk/Spd-5 on foes within 2 spaces of target through their next actions after combat.', 'M', @breath, 200, @false),
    (308, 'Dark Breath+', 13, 'If unit initiates combat, inflicts Atk/Spd-5 on foes within 2 spaces of target through their next actions after combat.', 'M', @breath, 300, @false),
    (309, 'Expiration', 16, 'Unit can counterattack regardless of foe''s range. If foe''s Range = 2, calculates damage using the lower of foe''s Def or Res.', 'M', @breath, 400, @true),
    (310, 'Fire Breath', 6, null, 'M', @breath, 50, @false),
    (311, 'Fire Breath+', 8, null, 'M', @breath, 100, @false),
    (312, 'Flametongue', 11, null, 'M', @breath, 200, @false),
    (313, 'Flametongue+', 15, null, 'M', @breath, 300, @false),
    (314, 'Great Flame', 16, 'Grants Atk+3. If unit’s Def ≥ foe’s Def+5, foe cannot make a follow-up attack. If foe''s Range = 2, calculates damage using the lower of foe''s Def or Res.', 'M', @breath, 400, @true),
    (315, 'Light Breath', 9, 'If unit initiates combat, grants Def/Res+4 to adjacent allies for 1 turn after combat.', 'M', @breath, 200, @false),
    (316, 'Light Breath+', 13, 'If unit initiates combat, grants Def/Res+4 to adjacent allies for 1 turn after combat.', 'M', @breath, 300, @false),
    (317, 'Lightning Breath', 7, 'Slows Special trigger (cooldown count+1). Unit can counterattack regardless of foe''s range.', 'M', @breath, 200, @false),
    (318, 'Lightning Breath+', 11, 'Slows Special trigger (cooldown count+1). Unit can counterattack regardless of foe''s range.', 'M', @breath, 300, @false),
    (319, 'Water Breath', 10, 'If foe initiates combat, grants Def/Res+4 during combat. If foe''s Range = 2, calculates damage using the lower of foe''s Def or Res.', 'M', @breath, 200, @false),
    (320, 'Water Breath+', 14, 'If foe initiates combat, grants Def/Res+4 during combat. If foe''s Range = 2, calculates damage using the lower of foe''s Def or Res.', 'M', @breath, 300, @false),
    (321, 'Assassin''s Bow', 7, 'Effective against flying foes. In combat against a colorless dagger foe, unit makes a guaranteed follow-up attack and foe cannot make a follow-up attack.', 'M', @bow, 200, @false),
    (322, 'Assassin''s Bow+', 11, 'Effective against flying foes. In combat against a colorless dagger foe, unit makes a guaranteed follow-up attack and foe cannot make a follow-up attack.', 'M', @bow, 300, @false),
    (323, 'Brave Bow', 4, 'Effective against flying foes. Inflicts Spd-5. If unit initiates combat, unit attacks twice.', 'M', @bow, 200, @false),
    (324, 'Brave Bow+', 7, 'Effective against flying foes. Inflicts Spd-5. If unit initiates combat, unit attacks twice.', 'M', @bow, 300, @false),
    (325, 'Clarisse''s Bow', 7, 'Effective against flying foes. If unit initiates combat, inflicts Atk/Spd-5 on foes within 2 spaces of target through their next actions after combat.', 'M', @bow, 200, @false),
    (326, 'Clarisse''s Bow+', 11, 'Effective against flying foes. If unit initiates combat, inflicts Atk/Spd-5 on foes within 2 spaces of target through their next actions after combat.', 'M', @bow, 300, @false),
    (327, 'Cupid Arrow', 8, 'Effective against flying foes. If unit initiates combat, grants Def/Res+2 to allies within 2 spaces for 1 turn after combat.', 'M', @bow, 200, @false),
    (328, 'Cupid Arrow+', 12, 'Effective against flying foes. If unit initiates combat, grants Def/Res+2 to allies within 2 spaces for 1 turn after combat.', 'M', @bow, 300, @false),
    (329, 'Firesweep Bow', 7, 'Effective against flying foes. Unit and foe cannot counterattack.', 'M', @bow, 200, @false),
    (330, 'Firesweep Bow+', 11, 'Effective against flying foes. Unit and foe cannot counterattack.', 'M', @bow, 300, @false),
    (331, 'Fujin Yumi', 14, 'Effective against flying foes. If unit’s HP ≥ 50%, unit can move through foes’ spaces.', 'M', @bow, 400, @true),
    (332, 'Gratia', 8, 'Effective against flying foes. If foe uses bow, dagger, magic, or staff, neutralizes foe''s bonuses (from skills like Fortify, Rally, etc.) during combat.', 'M', @bow, 200, @false),
    (333, 'Gratia+', 12, 'Effective against flying foes. If foe uses bow, dagger, magic, or staff, neutralizes foe''s bonuses (from skills like Fortify, Rally, etc.) during combat.', 'M', @bow, 300, @false),
    (334, 'Guard Bow', 8, 'Effective against flying foes. If foe initiates combat and uses bow, dagger, magic, or staff, grants Def/Res+6 to unit during combat.', 'M', @bow, 200, @false),
    (335, 'Guard Bow+', 12, 'Effective against flying foes. If foe initiates combat and uses bow, dagger, magic, or staff, grants Def/Res+6 to unit during combat.', 'M', @bow, 300, @false),
    (336, 'Hama Ya', 8, 'Effective against flying foes . Grants Def/Res+2 to allies within 2 spaces during combat.', 'M', @bow, 200, @false),
    (337, 'Hama Ya+', 12, 'Effective against flying foes . Grants Def/Res+2 to allies within 2 spaces during combat.', 'M', @bow, 300, @false),
    (338, 'Iron Bow', 4, 'Effective against flying foes.', 'M', @bow, 50, @false),
    (339, 'Killer Bow', 5, 'Accelerates Special trigger (cooldown count-1). Effective against flying foes.', 'M', @bow, 200, @false),
    (340, 'Killer Bow+', 9, 'Accelerates Special trigger (cooldown count-1). Effective against flying foes.', 'M', @bow, 300, @false),
    (341, 'Monstrous Bow', 8, 'Effective against flying foes. After combat, if unit attacked, converts bonuses on foes within 2 spaces of target into penalties through their next actions.', 'M', @bow, 200, @false),
    (342, 'Monstrous Bow+', 12, 'Effective against flying foes. After combat, if unit attacked, converts bonuses on foes within 2 spaces of target into penalties through their next actions.', 'M', @bow, 300, @false),
    (343, 'Mulagir', 14, 'Effective against flying foes. Grants Spd+3. Neutralizes magic foe''s bonuses (from skills like Fortify, Rally, etc.) during combat.', 'M', @bow, 400, @true),
    (344, 'Nidhogg', 14, 'Effective against flying foes. During combat, boosts unit''s Atk/Spd/Def/Res by number of adjacent allies × 2.', 'M', @bow, 400, @true),
    (345, 'Parthia', 14, 'Effective against flying foes. If unit initiates combat, grants Res+4 during combat.', 'M', @bow, 400, @true),
    (346, 'Refreshing Bolt', 8, 'Effective against flying foes. At start of combat, if unit''s HP = 100%, grants Atk/Spd/Def/Res+2, but after combat, if unit attacked, deals 2 damage to unit.', 'M', @bow, 200, @false),
    (347, 'Refreshing Bolt+', 12, 'Effective against flying foes. At start of combat, if unit''s HP = 100%, grants Atk/Spd/Def/Res+2, but after combat, if unit attacked, deals 2 damage to unit.', 'M', @bow, 300, @false),
    (348, 'Silver Bow', 9, 'Effective against flying foes.', 'M', @bow, 200, @false),
    (349, 'Silver Bow+', 13, 'Effective against flying foes.', 'M', @bow, 300, @false),
    (350, 'Skadi', 14, 'Effective against flying foes. Grants Spd+3. At the start of turn 3, deals 10 damage to foes within 3 columns centered on unit, and converts bonuses on those foes into penalties through their next actions.', 'M', @bow, 400, @true),
    (351, 'Slaying Bow', 8, 'Accelerates Special trigger (cooldown count-1). Effective against flying foes.', 'M', @bow, 200, @false),
    (352, 'Slaying Bow+', 12, 'Accelerates Special trigger (cooldown count-1). Effective against flying foes.', 'M', @bow, 300, @false),
    (353, 'Steel Bow', 6, 'Effective against flying foes.', 'M', @bow, 100, @false),
    (354, 'Swift Mulagir', 14, 'Effective against flying foes. Grants Res+3. If the number of allies within 2 spaces (excluding unit) > the number of foes within 2 spaces (excluding target), grants Atk/Spd+5 during combat.', 'M', @bow, 400, @true),
    (355, 'Warrior Princess', 14, 'Effective against flying and armored foes. Grants Spd+3. Grants Atk+3 to allies within 2 spaces during combat.', 'M', @bow, 400, @true)

-- TODO: add pkey id
INSERT INTO [Heroes].[HeroWeapon] (hero, weapon, rarity)
VALUES
    -- abel
    (1, 119, 3),
    (1, 135, 3),
    (1,  96, 3),
    (1,  97, 5),
    -- alfonse
    (2,  25, 2),
    (2,  52, 2),
    (2,  47, 3),
    (2,  24, 5),
    -- anna
    (3, 203, 2),
    (3, 224, 2),
    (3, 217, 3),
    (3, 212, 5),
    -- arthur
    (4, 203, 3),
    (4, 224, 3),
    (4, 192, 3),
    (4, 193, 5),
    -- azama
    (5, 265, 3),
    (5, 272, 3),
    (5, 273, 5),

